Model,Accuracy,Precision,Recall,F1-Score
Random Forest,0.5530973451327433,0.6572199730094467,0.6598915989159891,0.658553076402975
XGBoost,0.5535398230088495,0.6578769438810007,0.6592140921409214,0.6585448392554991
TensorFlow MLP,0.5513274336283186,0.6562922868741543,0.6571815718157181,0.6567366283006093
